{"cameraMode":{"drawMode":0,"name":"Shaded","section":"Shading Mode"},"sceneLighting":false,"audioPlay":false,"sceneViewState":{"m_AlwaysRefresh":false,"showFog":false,"showSkybox":false,"showFlares":false,"showImageEffects":false,"showParticleSystems":false,"showVisualEffectGraphs":true,"m_FxEnabled":true},"in2DMode":false,"pivot":{"x":-0.0002200603485107422,"y":0.809720516204834,"z":0.12716412544250489},"rotation":{"x":0.05372956395149231,"y":0.17845261096954347,"z":-0.006147405598312616,"w":0.9822043776512146},"size":1.3359313011169434,"orthographic":false}