{"cameraMode":{"drawMode":0,"name":"Shaded","section":"Shading Mode"},"sceneLighting":false,"audioPlay":false,"sceneViewState":{"m_AlwaysRefresh":false,"showFog":false,"showSkybox":false,"showFlares":false,"showImageEffects":false,"showParticleSystems":false,"showVisualEffectGraphs":true,"m_FxEnabled":true},"in2DMode":false,"pivot":{"x":2.384185791015625e-7,"y":1.0367450714111329,"z":-0.025143444538116456},"rotation":{"x":0.045122940093278888,"y":-0.8993959426879883,"z":0.09575605392456055,"w":0.4240158796310425},"size":1.6218228340148926,"orthographic":false}