{"cameraMode":{"drawMode":0,"name":"Shaded","section":"Shading Mode"},"sceneLighting":false,"audioPlay":false,"sceneViewState":{"m_AlwaysRefresh":false,"showFog":false,"showSkybox":false,"showFlares":false,"showImageEffects":false,"showParticleSystems":false,"showVisualEffectGraphs":true,"m_FxEnabled":true},"in2DMode":false,"pivot":{"x":-0.7485114336013794,"y":0.765407919883728,"z":0.39496004581451418},"rotation":{"x":0.032050956040620807,"y":-0.9375565052032471,"z":0.08986654877662659,"w":0.3344014286994934},"size":1.2565548419952393,"orthographic":false}