{"cameraMode":{"drawMode":0,"name":"Shaded","section":"Shading Mode"},"sceneLighting":false,"audioPlay":false,"sceneViewState":{"m_AlwaysRefresh":false,"showFog":false,"showSkybox":false,"showFlares":false,"showImageEffects":false,"showParticleSystems":false,"showVisualEffectGraphs":true,"m_FxEnabled":true},"in2DMode":false,"pivot":{"x":-0.014033704996109009,"y":0.8247528672218323,"z":-0.030645132064819337},"rotation":{"x":0.003930170554667711,"y":-0.9877262115478516,"z":0.04942736029624939,"w":0.1462508589029312},"size":1.2565548419952393,"orthographic":false}